Source,Target,Weight
0,20,18
0,101,17
0,125,13
0,127,17
0,270,14
0,291,11
0,298,8
0,363,11
0,1106,7
1,61,12
1,87,1
1,120,9
1,174,19
1,211,15
1,291,4
1,592,5
1,1098,6
2,23,11
2,70,19
2,268,20
2,569,15
2,716,13
2,936,9
3,36,8
3,106,4
3,114,4
3,213,5
3,248,10
3,254,1
3,265,19
3,411,19
3,911,2
3,945,18
4,166,9
4,183,17
4,204,13
4,1068,14
5,209,20
5,278,15
5,307,2
5,666,8
6,42,13
6,129,16
6,146,3
6,218,5
6,280,5
6,288,2
6,290,5
6,294,15
6,1115,9
6,1149,2
7,19,18
7,87,1
7,196,10
7,292,6
7,387,10
7,523,7
7,711,19
8,81,18
8,108,1
8,128,2
8,133,11
8,152,9
8,202,20
8,300,5
8,521,13
8,856,2
9,13,16
9,20,13
9,90,17
9,189,13
9,255,8
9,517,20
10,173,20
10,177,5
10,279,9
10,295,13
10,363,18
10,455,15
11,41,13
11,74,10
11,185,12
11,400,6
11,721,10
11,943,4
11,957,11
12,26,16
12,83,1
12,110,17
12,137,6
12,172,14
12,215,8
12,238,14
12,426,6
12,607,4
12,709,8
13,41,5
13,108,5
13,146,19
13,176,12
13,227,15
13,283,12
13,551,19
13,771,11
13,987,2
14,40,9
14,130,18
14,135,16
14,139,9
14,143,5
14,171,3
14,231,13
14,277,9
14,281,2
15,128,8
15,192,12
15,206,17
15,216,19
15,222,16
16,31,2
16,130,19
16,202,3
16,213,4
16,220,15
16,295,4
16,442,4
16,798,1
17,24,1
17,129,15
17,146,16
17,177,20
17,256,2
17,296,16
18,34,19
18,110,11
18,210,4
18,212,3
18,234,14
18,640,12
18,819,17
19,35,4
19,48,17
19,199,6
19,287,12
19,373,8
19,1210,14
20,52,11
20,125,1
20,281,19
20,764,19
20,968,2
21,47,12
21,97,15
21,272,6
21,534,8
21,963,1
21,994,14
22,90,12
22,191,1
22,208,5
22,210,17
22,235,14
22,297,3
22,495,16
22,1109,4
22,1114,16
23,84,9
23,108,9
23,274,14
23,1193,17
24,59,18
24,64,4
24,97,17
24,100,20
24,123,16
24,128,17
24,187,8
24,240,9
24,276,14
24,303,19
24,1121,9
25,158,8
25,191,7
25,256,8
25,460,2
26,30,9
26,44,12
26,67,14
26,175,16
26,209,20
26,227,12
26,269,4
26,300,20
26,446,6
26,482,19
27,53,1
27,58,18
27,96,11
27,176,1
27,255,1
27,518,4
27,836,9
27,1030,8
28,32,16
28,63,17
28,125,10
28,153,6
28,250,12
28,1067,13
28,1152,17
29,88,15
29,178,15
29,251,7
30,34,18
30,73,20
30,75,20
30,126,10
30,179,8
30,273,15
30,889,3
30,926,4
31,63,2
31,83,18
31,100,14
31,102,3
31,155,3
31,167,2
31,251,9
31,790,7
31,876,4
32,52,1
32,114,6
32,165,16
32,255,1
32,285,20
32,905,11
33,68,17
33,76,1
33,142,1
33,170,10
33,174,3
33,215,5
33,489,1
33,765,18
33,1085,13
33,1110,13
34,141,16
34,240,5
34,368,9
35,116,20
35,205,19
35,247,19
35,262,7
35,435,18
35,663,13
35,791,7
35,908,2
35,1176,5
36,56,6
36,101,8
36,126,17
36,161,15
36,215,14
36,619,13
37,38,2
37,41,6
37,83,9
37,108,20
37,185,20
37,233,1
37,301,12
37,315,15
37,432,18
37,947,10
38,77,3
38,139,1
38,147,1
38,158,1
38,278,19
38,438,17
38,559,15
38,955,15
39,100,16
39,174,15
39,246,2
40,55,17
40,92,17
40,94,11
40,160,16
40,219,1
40,563,1
41,57,7
41,90,20
41,121,1
41,296,11
41,616,11
41,852,4
42,109,18
42,157,2
42,272,10
42,277,7
42,489,8
42,780,5
43,226,20
43,265,11
43,293,16
43,735,4
43,1053,8
44,54,19
44,88,7
44,89,11
44,107,13
44,124,10
44,159,16
44,198,17
44,230,20
44,269,11
44,344,5
44,761,4
44,1202,10
45,47,6
45,127,18
45,137,1
45,200,20
45,203,15
45,205,17
45,249,2
45,597,1
45,869,19
46,82,10
46,149,20
46,175,4
46,231,2
46,237,11
46,747,9
46,926,8
47,105,8
47,136,13
47,276,3
47,299,19
47,1210,9
48,68,10
48,78,20
48,155,3
48,240,5
48,248,11
49,82,18
49,101,4
49,197,12
49,255,19
49,909,10
50,92,10
50,100,6
50,145,20
50,223,4
50,229,16
50,299,10
50,780,3
51,160,19
51,206,2
51,236,20
51,251,5
52,118,13
52,139,6
52,190,10
52,244,15
52,819,17
53,67,2
53,70,3
53,117,3
53,154,11
53,289,4
53,300,17
53,623,18
53,629,5
53,815,8
53,852,19
53,1146,8
54,69,4
54,132,4
54,206,19
54,534,16
54,957,14
54,1117,19
54,1208,14
55,72,20
55,97,8
55,116,10
55,120,16
55,296,20
56,100,16
56,123,7
56,247,17
56,280,20
56,291,20
56,1056,19
57,84,1
57,144,8
57,215,19
57,575,8
58,130,3
58,192,20
58,205,12
58,301,11
58,411,2
58,669,15
59,79,16
59,143,4
59,146,6
59,159,7
59,188,11
59,199,17
59,206,17
59,225,17
59,269,14
59,272,16
59,537,6
60,77,17
60,96,19
60,141,4
60,250,15
60,267,1
60,309,11
60,709,15
61,67,10
61,70,5
61,124,8
61,158,2
61,203,12
61,288,10
61,291,13
62,138,5
62,282,10
62,399,2
62,446,3
63,147,5
63,247,1
63,276,3
63,287,4
63,292,7
64,114,11
64,218,10
64,292,11
64,1071,18
65,115,7
65,146,16
65,253,1
65,260,20
65,612,6
65,978,5
66,117,8
66,127,20
66,188,10
66,189,12
66,196,9
66,265,17
66,274,15
66,623,16
67,77,14
67,145,12
67,177,12
67,193,7
67,252,12
67,657,13
67,946,18
67,1180,4
68,106,5
68,204,4
68,265,7
68,270,18
68,728,3
68,939,20
69,103,11
69,131,20
69,156,1
69,229,20
69,297,6
69,396,5
69,1139,16
69,1215,6
70,97,8
70,110,14
70,211,1
70,218,18
70,220,7
70,224,4
70,232,6
70,296,18
70,857,14
71,106,10
71,121,7
71,172,17
71,259,4
71,276,18
71,294,11
71,711,14
72,107,11
72,120,2
72,149,8
72,158,12
72,177,9
72,196,14
72,216,9
72,305,19
72,342,17
72,353,16
72,760,8
73,92,17
73,138,14
73,234,11
73,282,6
73,289,4
73,539,17
73,963,19
73,1022,2
73,1147,12
74,76,8
74,107,7
74,246,11
74,303,12
74,789,1
74,879,10
74,904,6
74,962,7
75,84,20
75,103,7
75,117,11
75,191,1
75,203,20
75,249,18
75,595,7
76,99,10
76,138,18
76,149,10
76,169,6
76,189,17
76,218,20
76,238,6
76,241,4
76,260,4
76,270,17
76,285,7
76,851,6
76,856,4
76,1096,11
77,111,20
77,236,18
77,248,16
77,277,4
77,633,2
77,873,12
78,81,2
78,99,1
78,102,20
78,107,5
78,194,4
78,244,19
78,251,5
78,298,16
78,1023,14
79,88,10
79,101,8
79,109,10
79,160,15
79,171,7
79,226,18
79,243,18
79,267,7
79,344,19
79,722,8
79,889,18
79,1150,18
80,129,13
80,186,20
80,216,1
80,243,17
80,271,10
80,288,18
80,303,5
80,466,4
80,1073,15
80,1149,12
81,96,17
81,116,4
81,629,20
81,792,5
82,243,4
82,438,16
82,760,3
82,948,8
83,102,13
83,124,9
83,125,6
83,149,17
83,163,20
83,173,5
83,183,8
83,197,12
83,244,20
83,677,12
84,136,13
84,173,15
84,230,5
84,286,20
84,290,3
84,534,7
84,759,8
85,168,17
85,179,4
85,232,19
85,292,3
85,337,10
85,494,1
86,91,7
86,125,11
86,132,18
86,194,19
86,206,9
86,218,20
86,1155,20
86,1163,8
87,164,18
87,203,2
87,235,16
87,243,15
87,297,16
87,779,7
88,113,18
88,188,19
88,277,19
88,296,16
88,1054,2
88,1062,16
89,143,18
89,175,15
89,185,3
89,225,15
89,283,5
89,296,5
89,993,8
89,1084,6
89,1164,5
90,136,15
90,162,9
90,165,4
90,232,6
90,260,10
90,278,6
90,288,14
90,827,4
90,1074,20
91,159,10
91,271,6
91,281,1
91,283,12
91,945,19
92,135,19
92,630,5
92,700,3
92,1059,17
93,215,1
93,255,5
93,289,9
93,875,6
93,1111,17
93,1169,8
94,142,11
94,202,1
94,220,3
94,263,1
94,602,12
94,762,1
94,902,20
95,100,19
95,111,16
95,231,5
95,277,7
95,283,12
95,289,13
96,110,3
96,133,2
96,217,6
96,288,17
96,616,16
96,846,17
96,1013,16
96,1122,5
97,114,12
97,178,11
97,356,17
97,1091,2
97,1108,8
98,123,11
98,140,4
98,295,8
98,543,6
98,1067,5
98,1105,9
99,385,6
99,605,8
99,625,18
99,651,18
100,175,13
100,187,12
100,196,13
100,233,12
100,251,20
100,1073,12
101,231,9
101,294,20
101,305,20
102,131,14
102,174,9
102,194,6
102,259,2
102,404,9
102,1114,20
103,117,5
103,125,3
103,179,1
103,276,18
103,1191,17
104,131,11
104,135,16
104,145,7
104,295,11
104,409,17
104,947,9
104,1033,9
105,143,14
105,185,14
105,189,14
105,222,9
105,235,12
105,271,13
105,380,16
105,588,16
106,200,20
106,303,8
106,758,16
107,181,4
107,251,13
107,271,18
107,283,4
107,291,20
107,397,3
107,798,6
108,139,10
108,144,3
108,195,12
108,202,18
108,261,2
109,114,2
109,115,18
109,191,20
109,199,3
109,276,8
109,1071,17
110,200,15
110,243,20
110,252,20
110,281,9
110,285,1
110,332,15
110,439,15
110,866,9
111,115,2
111,122,10
111,187,3
111,249,16
111,259,8
111,279,10
111,684,9
111,833,19
111,911,12
112,270,1
112,506,3
112,969,20
112,1039,8
113,151,16
113,608,3
113,662,20
114,130,17
114,200,7
114,260,19
114,277,14
114,786,8
114,854,15
114,860,9
115,140,7
115,216,15
115,261,9
115,295,3
115,296,15
115,927,11
116,132,18
116,193,10
116,249,10
116,674,3
116,1045,4
116,1163,13
117,149,5
117,213,13
117,242,2
117,295,11
117,778,9
117,980,16
117,1136,9
117,1172,8
118,125,4
118,158,5
118,184,1
118,293,12
118,755,12
118,833,15
118,969,8
119,141,20
119,145,10
119,186,11
119,187,3
119,301,16
119,707,17
119,762,16
120,154,5
120,238,10
120,256,8
121,275,11
121,276,9
121,282,14
121,308,2
122,159,16
122,212,15
122,242,4
122,284,16
122,295,19
123,171,18
123,209,9
123,513,1
123,524,18
123,633,12
124,132,16
124,155,7
124,199,12
124,222,11
124,836,14
124,906,3
124,1108,10
125,178,9
125,251,16
125,304,3
126,143,7
126,190,19
126,250,2
126,535,1
126,773,17
127,131,12
127,153,13
127,215,12
127,224,14
127,291,6
127,302,15
127,418,18
127,723,4
127,1218,15
128,187,12
128,190,8
128,452,18
129,243,17
129,253,14
129,302,15
129,508,3
130,203,4
130,267,20
130,278,12
131,209,18
131,211,2
131,967,14
132,139,7
132,154,11
132,181,12
132,295,16
132,1088,2
132,1212,18
133,193,20
133,280,17
133,595,9
134,199,5
134,865,2
134,901,5
134,942,4
134,990,14
134,1122,4
135,144,18
135,145,15
135,183,1
135,239,9
135,270,10
135,275,4
135,279,2
135,922,2
136,209,4
136,253,20
136,256,14
136,680,1
136,1090,9
137,184,16
138,184,4
138,247,17
138,260,1
138,552,14
138,1161,3
139,181,6
139,219,14
139,287,4
139,682,11
139,705,8
139,1065,11
140,145,6
140,188,9
140,298,1
140,615,15
141,142,8
141,154,18
141,163,17
141,164,17
141,214,1
141,252,9
141,260,20
141,303,13
142,226,2
142,291,20
142,317,18
142,401,17
142,1026,17
143,202,8
143,410,12
143,549,6
144,184,3
144,199,2
144,205,4
144,796,1
145,245,2
145,248,17
145,578,7
146,297,9
146,307,18
146,500,20
146,712,5
146,933,2
146,1037,19
147,172,5
147,189,7
147,192,20
147,228,11
147,402,20
147,999,3
148,182,14
148,197,11
148,214,9
148,222,14
148,241,8
148,271,4
148,278,18
149,193,11
149,212,8
149,251,17
149,497,10
150,152,8
150,257,16
150,268,15
150,440,5
150,1086,11
151,202,10
151,213,20
151,215,15
151,248,11
151,602,5
151,993,20
151,1129,16
152,183,13
152,220,20
152,236,4
152,261,9
153,274,5
153,351,10
154,185,18
154,276,16
154,756,3
154,1205,17
155,159,10
155,163,4
155,211,3
155,236,5
155,262,6
155,263,10
155,274,4
155,435,9
155,503,17
156,233,15
156,284,10
156,292,14
156,317,8
156,541,8
156,947,11
157,371,12
157,616,9
158,180,14
158,182,20
158,229,15
158,280,6
158,1151,16
159,169,5
159,269,13
159,300,11
159,1070,11
160,169,4
160,170,15
160,218,5
160,220,13
160,234,7
160,298,9
160,483,15
160,733,3
160,1057,16
160,1180,8
160,1207,5
161,234,5
161,244,6
161,514,14
161,669,2
161,800,10
161,1016,11
162,165,12
162,204,19
162,226,2
162,235,2
162,307,11
162,366,16
162,731,11
163,180,2
163,279,1
163,305,4
163,376,5
163,476,9
164,168,9
164,227,14
164,242,2
164,254,15
164,462,3
165,207,7
165,218,1
165,280,10
166,202,8
166,287,9
166,297,3
166,748,5
167,247,17
167,264,7
167,278,13
167,311,9
167,476,20
168,169,1
168,235,12
168,261,2
168,656,4
169,252,13
169,316,6
169,588,2
169,664,10
169,702,10
169,740,14
169,985,4
169,1035,19
170,179,3
170,283,13
170,290,13
170,306,8
170,596,11
170,1036,14
171,279,8
171,879,16
172,184,3
172,245,8
172,507,11
172,837,16
173,194,6
173,306,18
173,734,10
173,807,12
173,879,1
174,186,7
174,233,8
174,958,17
175,229,18
175,252,16
175,284,16
176,211,1
176,277,4
176,315,9
176,630,11
176,1005,11
176,1016,3
177,183,19
177,191,3
177,216,4
177,407,5
177,837,19
178,195,16
178,210,15
178,211,9
178,268,4
178,300,6
178,390,7
178,555,8
178,572,14
178,1089,4
179,255,5
179,632,1
179,1093,5
179,1225,4
180,201,7
180,216,10
180,293,8
181,233,7
181,862,20
182,246,7
182,294,6
182,304,4
182,470,12
182,472,5
183,229,13
183,272,14
184,191,19
184,196,19
184,240,6
184,379,9
184,528,4
184,785,7
185,241,18
185,251,8
185,286,13
186,189,4
186,207,3
186,228,14
186,231,3
186,261,8
186,298,4
186,602,14
186,1222,1
187,250,10
187,276,19
188,218,13
188,246,16
188,716,16
188,865,7
188,1190,11
189,255,19
189,262,14
189,296,1
189,867,19
190,306,20
190,800,18
191,202,16
191,223,3
191,226,19
191,232,4
191,242,12
191,243,5
191,1024,10
192,196,3
192,246,14
192,260,13
192,295,14
192,298,18
192,387,4
192,494,15
192,817,12
193,228,12
193,291,2
193,411,1
193,502,5
193,1218,3
194,252,11
194,267,17
194,284,4
194,288,9
194,294,19
194,422,5
194,971,10
195,204,15
195,208,17
195,993,4
196,297,4
196,525,17
196,815,18
197,200,5
197,272,20
197,276,5
197,292,16
197,520,6
197,743,4
197,872,6
197,1038,6
198,566,19
198,839,12
199,218,12
199,412,13
199,740,6
199,788,4
200,237,19
200,270,20
200,271,19
200,613,15
200,1045,9
201,254,16
201,264,4
201,302,20
201,624,6
201,880,14
202,233,9
202,930,16
203,205,14
203,1190,8
203,1209,2
204,233,6
204,275,18
204,283,17
204,458,20
204,733,8
204,948,15
205,218,13
205,220,16
205,234,8
205,304,3
205,401,10
205,1105,1
206,277,12
206,290,12
206,932,3
207,232,7
208,225,5
209,240,4
209,294,6
209,662,2
210,232,8
210,237,6
210,239,18
210,245,14
210,265,4
210,650,13
211,249,3
211,383,10
211,413,11
211,915,10
211,1070,20
212,264,18
212,292,9
212,874,8
212,969,14
213,294,13
213,475,6
213,520,19
213,830,17
213,1208,8
214,243,19
214,278,13
214,1194,13
215,281,15
215,282,13
215,353,9
215,556,12
215,593,16
216,230,2
216,252,6
216,299,14
216,320,8
217,258,5
217,276,18
217,306,1
218,221,13
218,274,18
218,567,12
218,615,12
218,869,18
219,302,11
219,430,20
219,591,7
220,309,15
220,1064,7
220,1232,6
221,248,9
221,971,10
222,937,7
223,1152,9
223,1216,19
224,253,20
224,276,16
224,468,17
224,1048,5
225,229,12
225,248,19
225,258,1
225,306,9
225,859,14
225,1042,19
226,283,6
226,291,5
226,303,9
226,313,6
226,701,17
226,899,10
227,270,3
227,304,15
227,980,9
227,1072,7
227,1145,19
228,300,9
228,695,12
229,256,16
229,318,20
229,483,4
229,883,5
231,259,6
231,311,1
231,541,16
232,247,17
232,1061,14
234,238,16
234,454,8
234,698,12
234,786,13
234,884,12
235,254,10
236,238,14
236,275,6
236,285,15
236,300,6
236,1010,11
237,307,10
237,737,11
237,788,10
238,427,18
238,693,17
238,969,20
239,249,18
239,257,1
239,301,13
240,1104,19
241,299,2
241,1099,17
242,829,20
242,976,16
242,1085,15
243,273,13
243,312,18
244,253,12
244,263,20
244,302,16
244,455,13
244,1015,19
245,537,8
245,547,18
245,881,5
245,1013,14
246,345,9
246,652,17
246,993,7
247,248,6
247,260,11
247,345,1
248,270,17
248,309,17
248,477,3
248,649,3
248,824,3
249,251,8
249,274,11
249,574,16
249,858,20
250,259,11
250,291,14
250,309,2
250,434,3
250,612,18
251,292,16
251,947,7
252,288,19
252,357,17
252,1003,16
253,362,4
253,707,11
253,931,17
253,978,5
253,1090,3
254,309,8
254,793,1
254,1020,20
254,1182,2
257,286,17
257,468,1
257,691,2
258,406,12
258,1061,11
259,608,9
260,266,14
260,574,6
260,1074,15
261,298,4
261,1081,2
262,284,4
262,618,10
262,1099,7
262,1207,20
263,273,17
263,279,20
263,289,12
263,295,3
263,298,20
263,677,9
264,275,3
264,420,10
264,446,7
264,856,1
264,1115,12
265,285,9
265,302,13
265,303,8
265,414,7
265,661,16
265,944,13
265,1172,16
266,276,5
266,387,8
266,982,19
267,777,12
268,299,18
268,530,8
268,784,8
269,273,5
269,1137,15
270,419,16
270,603,20
271,1127,15
272,282,19
272,308,6
272,618,7
272,878,18
273,510,18
273,932,16
274,837,16
275,830,4
275,889,8
276,288,10
276,503,4
276,688,20
276,1191,9
277,648,3
277,787,14
277,846,20
277,1139,10
278,295,7
278,564,17
278,1090,17
279,283,7
279,293,19
279,689,15
280,289,1
280,295,18
280,418,10
280,720,16
280,740,7
280,1158,19
282,305,20
282,845,4
282,933,2
283,659,16
285,314,9
285,877,2
286,301,13
287,296,1
287,417,3
287,881,11
287,1050,6
287,1121,6
289,771,11
289,951,1
290,291,15
290,430,18
290,439,6
290,1147,5
290,1233,2
291,313,6
291,970,6
292,352,20
292,1130,19
293,513,19
293,827,11
293,1132,11
295,719,11
295,1020,20
295,1098,1
297,307,10
297,382,14
297,668,12
297,741,7
297,1058,20
298,383,11
298,508,16
298,721,6
299,988,2
299,1114,5
300,1032,5
301,622,7
301,1181,17
302,308,19
302,366,9
302,1220,19
303,306,12
303,368,4
303,1020,14
304,505,11
304,810,4
304,1137,12
305,308,2
306,351,16
306,1027,8
307,956,11
308,508,20
308,741,2
308,1168,2
309,470,3
309,645,14
309,1114,12
310,445,12
310,446,7
310,489,20
310,491,17
310,552,4
310,747,15
311,364,18
311,448,6
311,455,1
311,478,14
311,597,20
311,618,17
311,629,15
311,781,16
312,329,17
312,346,3
312,387,17
312,436,11
312,448,2
312,451,1
312,489,9
312,501,11
312,606,3
313,332,4
313,333,19
313,388,4
313,449,4
313,513,20
313,521,9
313,1236,20
314,321,6
314,369,20
314,386,2
314,391,17
314,496,13
314,511,6
314,549,10
315,374,14
315,432,15
315,500,13
315,576,19
316,379,16
316,416,12
316,435,18
316,437,6
316,456,20
316,481,14
316,487,8
316,518,4
316,519,15
316,521,15
316,559,14
316,605,20
317,353,12
317,449,4
317,464,15
317,477,4
317,523,4
317,569,1
317,604,20
317,1208,14
318,371,19
318,441,7
318,448,15
318,476,6
318,555,6
318,1109,1
318,1138,8
318,1239,3
319,405,5
319,413,9
319,430,4
319,453,20
320,342,11
320,404,18
320,444,14
320,465,5
320,506,3
320,533,7
320,550,5
320,568,19
320,612,1
321,394,16
321,441,16
321,569,9
321,609,2
321,951,19
322,414,20
322,434,17
322,469,13
322,495,14
322,521,20
322,573,17
322,883,13
323,396,9
323,405,8
323,409,19
323,510,10
323,513,15
323,610,17
323,619,16
323,1028,16
324,404,11
324,412,11
324,481,19
324,533,7
324,936,14
324,1122,19
325,336,7
325,384,6
325,397,19
325,429,8
325,459,11
325,589,4
325,602,17
325,603,12
325,609,11
325,692,7
325,751,1
325,912,3
325,1086,1
325,1178,1
326,419,7
326,433,11
326,464,20
326,488,12
326,523,14
326,549,1
326,570,5
326,1079,11
326,1099,16
327,503,20
327,513,7
327,523,20
327,589,16
327,1090,3
328,332,13
328,338,4
328,420,16
328,603,7
328,632,4
329,478,19
329,487,4
329,566,11
330,469,2
330,511,12
330,541,20
330,591,15
330,1090,17
331,352,12
331,369,4
331,524,12
331,537,5
331,822,17
331,832,18
331,1055,3
332,438,12
332,441,12
332,442,12
332,454,18
332,473,9
332,555,7
332,611,7
332,1053,6
333,402,4
333,407,6
333,557,13
333,607,13
333,615,7
333,858,16
333,872,11
334,358,12
334,382,16
334,421,5
334,447,19
334,603,17
335,358,19
335,379,10
335,399,10
335,474,1
336,399,12
336,402,8
336,433,2
336,466,9
336,492,8
336,517,18
336,526,5
336,600,18
337,344,18
337,373,6
337,377,20
337,415,19
337,457,6
337,475,3
337,495,15
337,533,12
338,483,17
338,484,16
338,1169,15
339,347,7
339,372,4
339,477,20
339,514,12
339,522,15
339,526,7
339,1109,8
340,378,4
340,441,19
340,518,1
340,523,17
340,837,7
340,1209,18
341,369,14
341,384,18
341,397,9
341,438,5
341,520,9
341,563,7
341,575,19
341,599,6
341,1238,8
342,346,9
342,432,19
342,482,5
342,507,19
342,571,16
342,650,20
342,941,1
342,1172,15
343,345,1
343,393,12
343,399,18
344,374,9
344,391,18
344,575,3
344,593,2
345,352,12
345,353,20
345,392,18
345,454,4
345,485,8
345,534,10
345,551,1
345,564,8
346,398,4
347,384,13
347,391,17
347,403,7
347,492,10
347,593,11
347,669,20
347,1070,13
348,359,4
348,367,12
348,405,17
348,466,13
348,844,5
349,359,4
349,372,10
349,389,10
349,405,17
349,406,10
349,475,13
349,523,17
349,589,8
349,646,2
349,883,17
349,1154,15
350,386,4
350,467,2
350,495,8
350,525,19
350,527,9
350,1136,18
351,399,14
351,497,5
351,516,19
351,536,11
351,564,17
352,382,4
352,604,15
352,606,19
352,826,11
352,875,7
353,354,11
353,376,8
353,477,6
353,541,18
353,604,14
353,934,6
354,434,17
354,535,11
354,591,14
354,700,12
355,410,6
355,475,19
355,505,14
355,521,19
355,584,3
355,591,4
355,598,14
356,422,9
356,475,2
356,523,3
356,538,6
356,1048,1
357,505,15
357,524,3
357,547,16
357,579,4
357,581,17
357,586,2
357,607,19
358,433,3
358,491,20
358,1234,18
359,419,3
359,477,10
359,514,7
359,523,19
359,546,15
359,548,16
360,437,7
360,438,4
360,474,4
360,794,2
360,823,9
360,848,6
360,972,5
361,415,15
361,473,1
361,496,7
361,707,2
362,391,9
362,408,15
362,413,12
362,419,5
362,524,9
362,546,18
363,402,11
363,451,19
363,556,2
363,563,19
363,602,19
364,373,2
364,380,13
364,543,2
364,888,8
364,902,15
365,439,10
365,481,15
365,507,10
365,585,15
365,593,20
365,1039,12
366,403,15
366,412,8
366,425,2
366,486,13
366,594,1
367,394,7
367,410,9
367,455,8
367,464,4
367,467,3
367,569,18
367,591,11
367,609,12
367,1203,13
368,389,20
368,468,9
368,503,16
368,508,11
368,511,18
368,548,14
368,1083,17
369,413,8
369,420,2
369,463,6
369,479,10
369,488,6
369,512,2
369,514,1
369,544,1
369,602,6
370,398,2
370,425,5
370,464,9
370,539,16
370,571,19
371,382,12
371,435,9
371,485,9
371,511,15
371,713,18
371,1047,2
372,438,9
372,523,19
372,536,11
372,591,19
373,384,17
373,385,9
373,396,1
373,460,10
373,486,9
373,532,16
373,560,10
374,495,2
374,530,3
374,866,19
374,1000,17
374,1193,19
375,492,18
375,510,18
375,515,1
375,603,6
375,610,11
375,631,17
376,434,11
376,465,15
376,467,15
376,587,17
376,821,2
377,392,20
377,402,1
377,472,9
377,480,8
377,531,8
377,536,3
377,549,4
377,554,1
377,597,11
377,601,14
377,609,18
377,670,17
377,1038,19
377,1156,8
378,384,5
378,390,7
378,465,12
378,524,10
378,527,1
378,551,9
378,611,17
379,530,12
379,583,2
379,589,2
379,858,15
380,399,10
380,401,3
380,486,9
380,513,13
380,521,4
380,526,11
380,790,3
381,393,3
381,429,7
381,453,14
381,483,10
381,533,9
381,590,5
382,400,4
382,422,3
382,441,6
382,486,9
382,536,20
382,557,1
382,602,7
382,619,19
382,1151,13
383,428,5
383,569,8
383,1091,20
383,1115,18
384,430,4
384,431,13
384,444,6
385,411,3
385,433,6
385,435,18
385,504,10
385,517,13
385,536,18
385,630,16
386,460,2
386,499,6
386,555,6
386,582,16
386,710,19
387,410,7
387,411,20
387,475,2
387,607,3
388,399,2
388,443,18
388,550,12
388,579,13
388,610,12
389,461,12
389,475,16
389,503,11
389,746,17
389,794,3
389,936,18
390,430,9
390,432,9
390,435,1
390,476,14
390,485,8
390,525,7
390,559,5
390,597,13
390,606,19
390,942,1
390,1196,3
391,402,7
391,408,11
391,421,11
391,585,14
391,696,1
391,891,8
392,393,18
392,418,2
392,431,15
392,565,10
393,426,10
393,549,10
393,855,8
394,479,7
394,482,12
394,535,4
394,539,13
394,769,1
394,854,7
394,1045,8
395,410,16
395,412,3
395,454,19
395,494,2
395,619,10
395,702,4
395,940,6
395,1070,4
396,434,4
396,490,14
396,518,12
396,544,2
396,569,6
396,842,18
396,890,13
396,1097,19
397,445,10
397,515,2
397,546,2
397,605,12
397,782,20
397,823,10
397,974,14
397,1002,2
397,1003,20
397,1203,11
398,465,5
398,486,16
398,581,19
398,1193,8
399,413,4
399,415,17
399,519,18
399,524,5
399,540,6
399,565,17
399,571,5
399,920,8
399,974,3
399,1117,18
399,1216,11
400,411,7
400,481,8
400,492,4
400,503,19
400,515,20
400,586,4
400,594,9
401,526,5
401,556,11
401,558,4
401,1072,1
401,1122,14
401,1166,7
402,404,5
402,412,6
402,445,12
402,463,8
402,502,5
402,559,1
402,563,2
402,612,15
402,615,15
402,812,3
403,455,20
403,490,9
403,511,8
403,596,8
403,738,7
404,509,5
404,576,17
404,612,10
404,668,9
404,722,5
404,1184,11
405,451,7
405,511,10
406,446,19
406,506,14
406,532,6
406,553,18
406,569,3
406,925,20
406,933,3
407,493,19
407,528,4
407,550,7
407,1115,7
408,486,2
408,504,13
409,421,13
409,430,2
409,526,15
409,567,2
409,618,5
409,1135,19
410,436,9
410,475,12
410,488,20
410,514,7
410,599,1
410,844,18
410,872,7
411,444,12
411,474,4
411,482,8
411,576,12
411,595,10
411,614,2
412,430,5
412,431,16
412,442,6
412,553,10
412,582,2
412,604,8
412,802,19
412,1056,20
413,422,8
413,505,18
413,538,5
413,569,18
414,496,10
414,514,2
414,575,4
414,597,4
414,1056,9
415,462,1
415,463,10
415,549,12
415,558,15
415,577,16
415,668,16
416,417,1
416,444,3
416,501,6
416,707,19
417,425,8
417,613,18
417,618,8
418,523,14
418,564,13
418,957,18
418,1099,12
419,525,3
419,539,17
419,858,12
419,898,8
420,495,6
420,521,3
420,533,4
420,589,1
420,663,19
421,487,7
421,493,1
421,594,20
422,504,9
422,517,9
422,596,15
422,613,19
423,429,11
423,525,7
423,542,14
423,616,12
423,679,1
423,719,13
423,772,18
423,885,3
424,452,11
424,483,4
424,524,8
424,556,4
424,582,19
424,591,20
424,1106,13
425,525,1
425,583,12
426,428,5
426,455,19
426,476,17
426,515,15
426,524,1
426,537,8
426,546,15
426,604,12
426,721,2
427,499,6
427,576,8
427,1068,3
427,1159,19
428,491,7
428,565,2
428,577,10
429,546,17
429,579,17
429,582,17
429,596,20
429,622,12
429,735,1
430,449,19
430,483,3
430,560,18
430,728,8
430,1207,15
431,638,16
431,1090,19
432,536,8
432,985,17
432,1100,10
432,1118,4
433,443,19
433,498,13
433,545,17
433,560,7
433,1026,12
434,611,7
435,443,15
435,503,2
435,520,10
435,560,13
435,604,14
436,440,11
436,519,4
436,532,16
436,542,17
436,554,13
436,563,18
436,582,7
436,613,3
436,1099,20
437,510,10
437,545,15
437,554,2
437,593,15
437,760,7
437,793,3
437,1093,18
438,451,13
438,496,15
438,510,8
438,543,20
438,549,7
438,565,15
438,606,11
439,462,13
439,524,20
439,527,18
439,1023,4
440,601,17
440,958,3
441,527,12
441,545,7
441,551,14
441,575,18
442,460,17
442,492,5
442,550,14
442,552,12
442,857,1
442,1223,10
443,498,12
443,539,16
443,604,18
444,473,12
444,539,5
444,554,17
444,1001,4
444,1139,4
445,525,8
445,530,15
445,557,12
445,579,7
445,596,5
445,597,4
445,618,9
445,707,18
445,828,9
445,940,1
445,1025,20
446,509,17
446,511,5
447,462,8
447,497,13
448,461,2
448,488,16
448,510,15
448,549,6
448,597,16
448,1176,18
449,501,11
449,523,2
449,583,5
449,935,17
449,1152,20
450,496,6
450,551,20
451,452,5
451,488,18
451,510,19
451,550,4
451,593,15
451,980,2
452,457,16
452,517,13
452,1231,6
453,526,20
453,531,9
453,670,20
454,486,3
454,490,16
454,834,11
455,529,10
455,543,18
456,464,16
456,572,17
457,467,15
457,589,15
457,651,5
457,1071,7
458,508,2
458,513,3
458,778,15
459,464,20
459,558,5
459,563,6
459,570,19
459,734,10
459,751,5
459,1073,8
459,1164,18
460,512,11
460,518,5
460,536,5
460,715,14
460,960,14
461,498,16
461,516,17
461,585,16
461,586,13
461,975,18
462,542,12
462,590,9
462,600,10
463,565,2
463,600,6
463,673,13
463,915,15
464,484,20
464,519,7
464,533,17
464,1148,5
464,1189,5
465,533,11
465,545,8
465,584,17
465,942,16
466,481,2
466,496,15
466,519,6
466,651,20
466,870,15
466,1094,20
467,474,20
467,547,18
467,752,15
468,493,1
468,522,13
468,622,10
468,921,13
468,1134,9
468,1214,18
469,515,20
469,526,15
469,538,6
469,607,6
470,477,11
470,514,19
470,553,1
470,574,10
470,605,4
470,648,20
470,779,10
470,1123,11
471,486,15
471,510,2
471,532,11
471,596,1
471,1152,1
471,1186,18
472,476,10
472,595,18
472,630,5
473,489,18
473,535,17
473,593,1
473,1194,10
474,501,14
474,524,13
475,498,10
475,619,3
476,582,10
476,611,3
476,860,1
476,889,18
476,1055,4
477,493,16
477,496,8
477,576,6
477,588,15
477,598,10
478,486,15
478,524,11
478,595,8
478,613,5
479,522,16
479,576,19
480,483,1
480,612,11
480,774,16
480,1188,7
481,489,7
481,518,4
481,561,3
481,578,14
481,586,13
481,603,19
481,655,3
481,721,16
482,487,4
482,524,3
482,585,4
482,587,5
483,553,1
483,582,16
483,760,12
483,973,20
483,1104,8
484,497,6
484,501,17
484,502,10
485,501,19
485,519,9
485,531,18
486,557,9
486,583,2
486,688,7
486,1103,3
487,591,6
487,841,6
488,507,3
488,588,4
488,591,11
489,519,14
490,537,4
490,562,14
490,902,7
490,1079,16
490,1234,12
491,520,6
491,536,17
491,751,17
491,1158,13
492,530,8
492,584,17
492,920,6
492,1082,11
493,502,17
493,530,7
494,506,19
494,551,2
494,553,18
494,589,18
495,547,3
495,557,12
495,560,15
495,601,9
496,499,14
496,500,19
496,502,17
496,707,2
496,1168,6
497,546,7
497,567,13
498,504,19
498,530,8
498,949,4
499,502,10
499,508,18
499,519,11
499,563,17
499,570,13
499,589,13
499,909,1
500,531,2
500,575,1
501,523,8
501,525,13
501,533,10
501,554,13
501,560,10
502,527,1
502,535,17
502,584,5
502,586,17
502,778,3
502,1144,5
503,601,2
504,510,8
504,537,11
504,540,13
504,558,11
504,574,7
504,584,16
504,604,16
504,653,15
504,1104,8
505,577,10
505,830,3
506,603,15
506,613,8
506,710,13
506,1021,4
507,524,18
507,557,4
507,590,13
507,1202,10
508,530,15
508,531,12
508,548,19
508,559,5
508,565,5
508,571,16
508,595,15
508,612,2
508,959,5
508,996,3
508,1022,10
508,1089,17
509,529,15
509,540,15
509,902,10
510,511,17
510,576,5
510,759,8
510,781,5
510,1170,1
511,1148,17
512,566,4
512,1193,16
513,516,8
513,547,4
513,717,3
514,515,7
514,534,2
514,551,7
514,834,15
514,1225,19
515,597,10
515,615,11
515,873,12
516,731,4
516,1032,17
517,585,11
517,616,19
518,572,5
519,551,7
519,574,18
519,996,7
519,1162,15
520,560,5
520,598,7
520,1100,1
520,1229,15
521,556,13
521,576,14
521,606,2
521,608,20
521,623,13
523,592,18
523,682,17
524,972,20
525,608,11
526,533,8
526,604,11
526,693,11
526,1042,4
527,1072,12
528,1074,16
529,579,20
529,606,5
529,1089,14
530,568,14
530,601,12
530,604,3
531,542,16
531,616,17
532,918,10
532,1183,15
533,563,14
534,571,9
534,710,19
534,972,11
534,1120,9
535,538,18
535,556,17
535,614,7
535,861,8
536,841,1
537,866,2
538,603,5
539,571,5
539,1012,6
539,1217,19
540,593,1
541,805,15
542,593,16
542,672,5
542,1045,17
543,576,12
544,563,7
544,565,18
544,1235,1
545,602,20
545,1025,17
546,565,5
546,590,4
547,555,20
548,599,14
548,720,15
548,963,12
548,1157,11
548,1238,3
549,559,3
549,583,13
549,605,3
549,1070,6
550,579,18
550,590,9
550,869,14
551,595,18
552,635,6
552,1158,4
553,556,17
553,611,19
554,575,18
554,607,4
554,613,20
555,814,11
556,573,9
556,587,14
556,601,13
556,835,4
557,560,16
557,684,14
558,981,7
559,892,17
560,575,4
560,772,9
560,918,5
560,1055,17
561,617,16
561,720,9
561,762,13
561,810,8
562,563,18
562,613,15
563,861,19
564,595,10
564,643,1
565,574,5
565,994,18
566,703,20
566,780,11
566,802,18
566,1001,14
566,1155,19
567,570,3
568,1017,15
568,1037,19
569,594,17
569,631,15
569,876,8
570,788,9
571,614,8
571,740,19
571,819,18
571,1019,2
572,589,14
573,957,13
573,969,17
573,1117,6
574,587,16
574,588,17
574,605,3
574,607,4
574,1075,8
574,1172,12
575,596,7
575,960,1
576,597,5
576,612,8
576,615,7
577,758,13
577,844,9
578,581,18
578,751,15
578,930,8
579,586,1
579,933,3
580,920,6
581,797,20
581,1088,5
581,1235,11
582,931,10
583,588,1
583,593,13
583,606,19
583,1137,1
584,1126,13
585,590,9
587,590,3
587,605,4
587,1233,11
588,758,16
588,786,14
589,687,9
589,1003,10
590,602,15
590,603,10
590,615,16
590,616,5
591,945,15
592,619,14
592,1024,10
593,594,14
593,612,5
593,680,20
594,595,4
594,772,14
596,611,13
597,632,10
598,895,15
598,992,16
598,1085,20
598,1204,9
599,609,17
600,607,11
600,652,19
600,697,8
600,809,11
600,1021,1
601,674,7
601,1192,10
602,1057,13
603,611,13
603,900,5
603,968,14
604,729,11
604,838,18
604,1151,15
606,958,8
606,1006,8
608,1026,7
609,1007,20
610,701,19
610,779,20
612,719,3
612,724,20
614,695,8
614,1197,10
615,627,18
615,1032,17
616,1232,1
620,714,4
620,739,19
620,798,12
620,806,5
620,809,12
620,857,8
620,920,6
620,974,13
620,1050,11
620,1063,6
621,690,13
621,801,13
622,810,20
622,923,18
622,1169,19
623,630,1
623,648,3
623,670,11
623,704,11
623,737,16
623,744,15
623,754,13
623,769,14
623,816,6
623,834,3
623,848,11
623,921,18
623,924,4
624,700,8
624,735,5
624,814,19
624,877,1
624,897,7
624,907,10
625,644,13
625,756,10
625,810,1
625,828,5
625,894,16
625,971,9
625,1063,10
626,655,20
626,752,17
626,766,14
626,772,1
626,849,16
627,632,18
627,639,1
627,662,6
627,718,10
627,746,8
627,803,8
627,892,7
628,644,10
628,697,10
628,701,17
628,714,20
628,719,4
628,766,19
628,767,11
628,771,6
628,810,8
628,827,9
628,828,9
628,999,15
629,631,3
629,660,8
629,678,18
629,773,2
629,792,10
629,812,15
629,870,18
629,892,4
629,1000,10
629,1051,11
630,692,17
630,740,1
630,783,17
630,873,3
630,884,1
630,975,2
631,636,16
631,655,13
631,666,6
631,750,1
631,758,18
631,923,14
632,664,15
632,669,14
632,690,12
632,786,7
632,801,15
632,889,11
632,1140,7
633,698,8
633,724,13
633,833,2
633,845,17
634,739,18
634,801,18
634,814,8
634,815,2
635,649,14
635,655,2
635,710,4
635,728,11
635,742,18
635,761,9
635,809,14
635,877,3
636,850,1
636,915,3
636,1102,1
636,1139,16
637,643,3
637,666,20
637,733,14
637,734,18
637,779,6
637,814,3
637,824,11
637,834,14
637,862,17
637,865,20
637,880,18
637,912,4
637,1053,13
638,639,14
638,685,7
638,745,8
639,719,11
639,755,5
639,761,17
639,781,12
639,813,12
639,817,18
639,821,6
639,894,12
640,710,9
640,789,7
640,844,3
640,918,2
640,927,18
641,666,18
641,679,18
641,791,14
641,902,2
641,1205,10
642,746,15
643,657,10
643,676,9
643,694,19
643,733,18
643,788,5
643,797,13
643,908,3
644,699,2
644,702,5
644,757,1
644,768,16
644,831,19
644,836,5
645,679,14
645,723,17
645,764,19
645,784,1
645,869,19
646,647,4
646,676,7
646,697,15
646,766,10
646,864,4
646,879,8
647,649,5
647,711,8
647,731,1
647,780,12
647,807,11
647,886,14
648,668,8
648,686,6
648,720,7
648,800,13
648,881,15
648,887,12
649,697,12
649,699,13
649,791,8
649,798,15
649,813,12
649,876,13
649,977,11
650,673,4
650,711,17
650,712,20
650,728,5
650,790,19
651,661,17
651,674,18
651,694,1
651,714,16
651,759,19
651,793,11
651,800,20
651,839,20
651,876,19
651,912,18
651,1129,9
652,664,18
652,674,8
652,711,1
652,779,15
652,862,5
652,866,1
652,868,17
652,873,9
652,881,9
652,899,1
652,910,8
653,693,18
653,698,17
653,757,13
654,833,8
654,896,19
654,928,16
654,1122,8
655,674,10
655,716,5
655,860,16
655,887,11
655,895,11
655,965,9
656,718,6
656,859,20
656,883,7
656,966,1
656,1222,3
657,733,8
657,899,11
657,1011,18
657,1015,6
658,696,16
658,755,6
658,782,5
658,840,20
658,863,16
658,919,8
659,737,14
659,820,8
659,1107,14
659,1218,14
660,672,6
660,696,6
660,701,12
660,710,9
660,713,2
660,801,5
661,782,19
661,834,17
662,668,14
662,722,4
662,744,11
662,776,20
662,779,11
662,855,16
662,1093,13
663,753,20
663,821,19
663,900,9
664,675,18
664,710,1
664,728,4
664,731,2
664,773,9
664,868,7
664,885,2
664,1003,9
664,1138,2
664,1223,6
665,771,6
665,772,13
666,669,3
666,786,16
666,815,11
666,830,18
666,866,5
667,743,13
667,824,1
667,895,7
667,922,16
667,1180,9
668,697,13
668,729,8
668,756,13
668,805,5
668,807,1
668,818,2
668,883,12
668,889,17
668,1095,4
668,1214,19
669,671,13
669,689,1
669,800,12
669,885,14
669,900,16
669,909,16
670,742,4
670,808,2
670,838,11
670,1027,10
671,853,14
672,706,5
672,817,11
672,821,4
672,902,20
673,688,17
673,793,3
673,861,19
674,807,3
674,815,11
674,860,12
674,922,8
674,1041,9
675,696,14
675,697,13
675,757,1
675,772,4
675,785,13
675,865,8
675,872,20
675,1196,18
676,706,19
676,777,15
676,802,4
676,832,19
676,873,19
676,1221,14
677,707,2
677,727,16
677,797,8
677,853,14
677,928,10
678,845,12
678,846,5
678,901,12
679,725,9
679,773,6
679,869,20
679,893,7
679,914,20
679,935,13
680,749,3
680,765,1
680,785,18
680,902,13
680,908,7
680,916,6
680,925,10
681,781,5
681,808,17
681,814,11
681,886,12
681,932,2
682,683,5
682,744,10
682,748,20
682,864,8
683,706,16
683,846,4
683,915,3
683,1079,13
684,701,2
684,780,6
684,820,10
684,905,19
685,701,1
685,713,18
685,781,13
685,785,12
685,1042,19
685,1090,15
686,744,3
686,754,9
686,784,16
686,800,19
686,843,8
686,852,5
686,908,5
687,768,1
687,769,10
687,879,16
688,810,14
688,812,13
688,840,15
688,898,12
688,905,3
688,911,3
689,697,14
689,778,12
689,798,15
689,821,16
689,845,10
689,859,17
689,904,1
689,908,9
689,1081,11
690,737,9
690,829,18
690,840,8
690,848,14
690,856,19
691,728,15
691,787,3
691,820,15
691,901,7
693,695,3
693,807,16
693,811,18
693,827,3
693,835,9
693,881,16
693,1074,2
693,1111,14
694,699,10
694,803,1
695,752,7
695,753,4
695,769,12
695,836,12
695,856,16
695,888,5
696,709,8
696,742,11
696,766,16
696,871,20
696,888,18
697,717,13
697,727,6
697,751,15
697,759,14
697,780,9
697,815,20
697,896,8
697,924,9
698,727,5
698,744,4
698,760,5
698,815,18
698,819,14
698,856,4
698,883,8
698,885,2
699,712,15
699,779,15
699,801,8
699,856,8
699,888,9
700,761,19
700,855,15
700,892,20
700,901,15
701,737,3
701,746,3
701,749,6
701,792,10
701,817,17
701,894,4
701,901,14
701,1004,1
702,768,10
702,861,8
702,923,13
703,705,3
703,709,6
703,825,18
703,890,7
703,1018,7
703,1030,13
704,725,3
704,732,13
704,756,11
704,820,13
704,837,9
704,909,11
704,1084,3
704,1102,20
705,797,18
705,869,17
705,909,7
705,1091,19
706,735,6
706,743,16
706,898,4
706,1059,8
707,799,4
707,855,20
707,1204,9
708,829,17
708,830,3
708,1042,4
708,1108,11
709,763,8
709,866,2
709,884,19
710,741,1
710,772,1
710,788,19
710,829,12
710,840,18
710,913,4
710,949,18
710,1149,7
711,712,10
711,718,3
711,755,15
711,817,13
711,874,15
711,888,7
712,882,9
712,925,3
712,1047,13
713,782,14
713,943,4
714,732,8
714,810,1
714,841,18
714,923,12
715,761,2
715,777,19
715,825,11
715,826,10
715,837,6
715,906,16
715,1050,2
715,1159,15
715,1212,6
716,732,13
716,764,11
716,799,19
716,858,1
716,893,13
716,925,18
716,1071,17
717,727,18
717,874,13
718,781,15
718,845,13
718,855,18
718,897,19
718,917,16
719,785,14
719,791,13
719,825,8
719,886,6
719,920,4
720,751,5
720,794,16
720,829,14
720,875,10
720,905,1
721,781,13
721,882,7
722,1160,1
723,1016,15
724,795,18
724,887,1
724,905,15
724,1002,16
725,776,1
725,806,9
725,813,6
725,856,15
725,899,11
725,1166,18
726,753,11
726,775,8
726,804,6
726,833,15
726,896,3
727,785,1
727,810,7
727,879,18
727,894,1
727,917,13
728,813,17
728,877,18
728,893,14
729,789,5
729,1155,17
730,750,11
730,765,13
730,862,7
731,780,15
731,796,19
731,874,20
731,878,9
731,959,15
732,772,16
732,776,19
732,802,17
732,914,9
732,920,8
732,921,20
732,925,18
732,935,7
732,995,17
733,792,19
733,885,10
733,900,17
734,908,3
734,924,10
734,995,14
735,789,5
735,818,20
735,841,11
735,929,10
735,950,11
735,1005,13
736,747,6
736,791,6
736,816,11
736,900,7
736,906,3
736,913,5
737,824,17
737,876,9
737,1053,20
738,803,2
738,833,14
738,859,16
738,872,1
739,861,5
739,900,4
739,926,8
739,1141,16
740,744,13
740,755,6
740,852,14
740,907,10
741,813,11
741,824,1
741,892,7
741,895,7
741,980,15
741,1133,16
742,757,10
742,862,8
742,919,19
742,923,4
742,1186,9
743,776,19
743,778,9
743,804,9
743,815,3
743,830,16
743,889,19
743,911,17
744,793,14
744,855,7
744,862,3
744,921,20
744,1042,2
745,766,3
745,785,5
745,870,19
745,874,11
745,895,11
745,911,15
746,755,3
746,790,18
746,807,2
746,1128,9
746,1197,4
747,884,2
747,929,15
748,796,8
748,809,17
748,869,1
748,924,11
748,969,13
749,819,14
749,820,18
749,1099,15
750,820,7
750,877,13
751,765,17
751,854,1
751,1129,5
752,799,18
752,884,20
753,834,2
753,878,14
753,910,2
753,929,9
753,1223,20
754,794,14
754,815,4
754,892,12
754,923,11
754,1161,4
755,765,16
755,768,11
755,853,6
755,902,12
755,914,10
755,1106,3
756,770,6
756,780,10
756,803,15
756,835,3
756,837,7
756,1072,14
757,793,14
757,1038,10
758,813,19
758,913,10
758,916,8
758,1023,18
759,816,2
759,871,6
759,886,15
759,1059,3
760,783,8
760,802,3
760,812,13
760,886,6
761,765,9
761,897,1
762,832,1
762,851,2
762,856,10
762,922,14
762,1068,4
762,1101,8
762,1109,4
763,793,15
763,807,20
763,824,15
763,878,20
763,912,20
764,768,6
764,804,2
764,908,4
764,1196,10
764,1218,20
765,795,7
765,888,11
765,890,17
765,1003,16
766,781,16
766,804,15
766,806,9
766,842,11
766,893,8
766,929,10
767,783,6
767,785,13
767,802,15
767,804,20
767,812,6
767,855,20
767,892,19
767,1171,10
768,771,11
768,859,3
768,888,9
768,1197,1
769,776,7
770,796,14
770,803,15
770,805,20
770,823,10
770,869,12
770,898,6
770,910,14
771,906,10
772,799,1
772,803,15
773,837,13
773,876,17
773,902,2
774,778,12
774,784,14
774,963,19
774,1030,15
775,798,2
775,825,15
775,849,14
775,1219,1
776,791,14
776,844,5
776,901,8
776,905,2
777,785,19
777,855,10
777,905,3
777,913,10
777,923,4
777,1184,14
778,811,8
778,898,7
778,1239,20
779,835,8
779,915,4
780,785,3
781,804,8
781,824,4
781,839,18
781,865,14
782,864,19
782,866,20
782,941,15
782,1152,15
783,891,4
784,833,16
785,887,5
785,946,4
786,884,15
786,1005,6
787,899,13
787,921,13
787,928,15
787,971,4
788,844,16
788,856,12
788,866,16
788,889,17
788,1018,19
788,1036,17
788,1069,16
789,804,5
789,835,17
789,855,15
789,882,14
789,908,5
790,799,10
790,848,19
791,804,14
791,891,2
791,905,20
791,1136,7
791,1160,14
792,804,8
792,885,8
792,906,7
793,823,20
793,850,19
793,917,16
793,929,16
794,853,1
794,1139,3
795,810,16
795,866,20
795,873,10
795,876,20
795,895,3
795,916,8
795,1143,4
796,824,18
796,867,16
796,903,18
797,852,10
797,913,20
798,831,1
798,849,13
798,852,12
798,884,20
798,1095,3
798,1227,17
800,895,16
801,858,2
801,895,20
802,827,17
802,833,7
802,879,10
802,928,3
804,876,15
805,834,14
805,872,19
805,1110,12
805,1193,1
806,852,16
806,881,11
807,851,5
807,888,18
807,901,1
807,922,14
808,893,17
808,1155,1
809,847,6
809,877,15
809,902,7
810,856,18
810,861,10
810,910,4
810,915,17
810,929,5
810,1184,16
811,925,10
811,979,17
812,830,7
812,894,14
812,967,12
813,856,18
813,884,11
813,895,11
814,868,8
814,870,5
814,904,18
814,1049,9
815,822,4
815,835,2
815,836,5
815,868,2
816,840,17
816,885,13
816,888,8
817,819,5
817,829,15
818,859,11
818,874,17
819,833,16
819,846,10
819,875,15
819,886,19
819,1054,1
820,825,18
820,854,10
821,837,20
821,1130,8
822,837,1
822,872,10
822,942,19
823,905,3
823,920,10
823,1058,10
823,1068,2
823,1120,2
824,880,13
824,903,12
824,909,18
824,1127,13
825,830,3
825,840,4
825,887,6
825,888,5
826,900,3
826,905,15
827,839,13
827,1228,19
828,897,17
828,917,5
828,918,16
828,920,14
828,1178,9
829,860,11
830,890,5
831,835,7
831,849,13
831,873,10
831,880,18
831,925,9
832,840,9
832,866,7
832,872,9
832,893,10
832,901,14
832,924,10
833,887,7
834,851,11
834,864,10
834,911,14
834,1056,8
834,1141,8
835,862,2
835,882,14
835,889,10
836,837,20
837,914,7
838,874,19
838,923,11
839,843,5
839,864,3
839,1174,10
840,877,2
840,1022,9
841,874,6
841,1024,19
842,867,2
842,894,3
842,912,1
843,870,19
844,1073,20
845,899,5
845,1151,5
845,1210,8
846,866,16
846,870,19
847,858,8
847,859,18
847,892,8
847,1055,8
847,1079,14
848,872,9
848,919,12
849,853,15
850,880,18
850,1209,9
851,856,15
851,875,7
851,896,4
851,908,9
851,1087,14
852,867,4
852,885,13
852,916,13
853,894,17
853,1198,8
855,879,19
855,921,12
855,1188,3
856,871,19
856,885,16
856,1116,16
858,926,7
858,980,13
859,968,19
859,1208,18
860,875,3
860,881,8
860,907,11
861,990,1
862,886,10
863,877,2
863,881,3
865,899,4
865,919,8
866,1183,1
867,907,1
868,888,3
868,898,14
868,904,1
868,916,10
868,983,6
868,1114,18
869,893,2
870,910,20
872,907,17
872,929,16
872,1181,1
874,941,17
875,898,16
875,902,20
876,878,20
877,893,16
877,918,7
877,967,7
878,893,14
878,909,9
878,966,17
878,1169,10
879,894,20
879,913,5
879,1008,6
882,910,12
882,915,14
882,998,2
883,922,2
884,925,8
884,1238,14
885,909,5
886,894,3
886,1116,3
887,984,7
887,1125,6
890,928,6
890,933,12
891,924,4
892,1062,9
893,903,2
893,917,3
894,899,9
895,1079,10
896,1152,14
897,988,10
898,1047,15
898,1194,8
899,921,13
899,963,12
899,1000,14
900,902,18
900,912,18
901,904,13
901,912,2
901,920,16
901,1159,9
904,907,5
904,1081,16
905,911,13
905,921,7
909,1103,17
910,929,17
910,1075,10
911,912,4
911,922,7
912,1230,12
913,926,13
913,1179,10
914,1202,4
916,1078,4
919,923,18
919,968,10
920,929,4
920,1107,20
921,986,18
921,1017,12
924,1085,19
924,1204,12
927,961,15
928,1155,11
930,961,20
930,964,20
930,979,5
930,1031,11
930,1197,1
930,1217,20
930,1226,14
931,979,14
931,1006,14
931,1017,1
931,1097,16
931,1108,12
931,1222,16
932,946,18
932,1058,1
932,1062,3
932,1074,20
932,1100,12
932,1166,15
933,993,8
933,1058,15
933,1139,14
933,1239,1
934,945,15
934,968,2
934,1074,10
934,1131,20
934,1191,14
935,967,9
935,1068,8
935,1109,4
935,1140,11
935,1237,17
936,967,7
936,969,4
936,994,13
936,1058,10
936,1110,5
936,1168,4
936,1175,5
936,1190,5
936,1202,16
937,952,19
937,1047,2
937,1054,8
937,1108,16
937,1162,7
938,964,17
938,1158,11
939,969,13
939,982,15
939,1034,2
939,1059,9
939,1076,17
939,1229,17
940,958,10
940,964,2
940,1139,5
940,1188,3
940,1220,15
941,966,13
941,972,12
941,1050,16
941,1063,5
941,1084,13
941,1129,16
941,1143,10
941,1192,4
942,950,18
942,968,18
942,1050,14
942,1107,7
942,1114,5
942,1126,16
942,1191,19
943,985,5
943,994,20
943,1000,11
943,1135,16
943,1138,17
943,1183,18
943,1223,20
945,949,17
945,983,19
945,996,4
945,1005,9
945,1080,1
945,1084,9
945,1109,3
945,1110,17
945,1159,6
945,1173,8
946,1013,6
946,1032,6
946,1046,1
946,1048,6
946,1143,4
946,1185,3
947,954,12
947,999,7
947,1033,3
947,1038,17
947,1104,5
947,1119,8
947,1200,14
947,1219,6
948,1137,8
948,1155,11
949,1018,20
949,1019,8
949,1097,16
949,1117,10
949,1168,9
949,1174,11
950,1024,13
950,1080,9
950,1098,15
950,1115,3
950,1126,20
950,1215,20
951,965,14
951,1191,12
952,1012,18
952,1031,8
952,1060,20
952,1079,14
953,991,15
953,1034,15
953,1089,4
953,1110,11
953,1160,10
953,1172,7
953,1175,20
954,960,3
954,988,12
954,991,10
954,1006,6
954,1020,2
954,1043,10
954,1062,3
954,1160,16
954,1177,11
954,1216,8
954,1233,8
955,1073,19
955,1126,14
955,1147,3
955,1223,12
956,987,9
956,992,8
956,1067,9
956,1070,9
956,1107,12
956,1119,10
956,1144,14
956,1163,2
956,1166,2
956,1228,6
957,972,7
957,1063,2
957,1087,10
957,1116,7
957,1135,18
957,1163,8
957,1166,9
957,1218,16
957,1227,13
958,973,13
958,981,17
958,1050,5
958,1114,10
958,1144,18
958,1205,20
958,1239,10
959,980,14
959,1061,7
960,1021,5
960,1037,13
960,1052,20
960,1102,11
960,1112,9
960,1118,14
960,1175,14
960,1213,9
961,1009,18
961,1058,1
961,1090,11
961,1093,7
961,1136,13
962,974,1
962,1012,20
962,1078,17
962,1099,14
962,1115,9
962,1143,19
962,1158,4
963,998,1
963,1006,10
963,1057,1
963,1086,20
963,1087,16
963,1124,2
963,1162,11
963,1204,9
964,998,3
964,1119,4
964,1165,14
964,1205,2
965,1013,17
965,1029,13
965,1077,14
965,1081,4
965,1114,4
965,1219,1
966,981,2
966,984,6
966,994,9
966,1149,12
966,1176,20
966,1219,16
967,1035,10
967,1043,19
967,1073,16
968,984,20
968,1023,5
968,1113,1
968,1146,12
968,1186,3
968,1193,19
968,1195,2
968,1226,5
968,1238,15
969,991,5
969,1105,8
969,1161,15
970,1044,7
970,1168,11
971,1078,6
971,1217,10
972,1087,14
972,1089,8
972,1118,13
972,1125,18
972,1146,18
972,1178,2
973,1003,6
973,1017,20
973,1050,9
973,1067,6
973,1083,15
973,1101,17
973,1110,10
973,1194,2
974,1004,10
974,1020,13
974,1073,12
974,1127,18
975,1094,2
975,1150,12
975,1187,16
975,1216,5
975,1239,15
976,1014,12
976,1067,8
976,1104,17
976,1113,1
976,1134,10
976,1156,6
976,1162,1
976,1172,18
976,1179,5
977,1119,16
977,1184,8
978,984,15
978,1229,4
979,1093,10
979,1121,7
979,1128,3
979,1235,13
979,1236,18
980,982,1
980,1010,9
980,1047,1
980,1051,14
981,1015,9
981,1016,17
981,1019,9
981,1038,8
981,1071,7
981,1086,6
981,1105,1
981,1130,11
981,1175,2
981,1183,13
982,1013,15
982,1032,19
982,1053,6
982,1157,5
982,1176,8
982,1182,4
982,1194,11
982,1201,1
982,1207,4
983,1006,9
983,1173,2
984,997,3
984,1041,5
984,1043,13
985,1051,14
985,1087,20
985,1147,7
986,1025,5
986,1030,5
986,1065,5
986,1087,11
986,1108,13
986,1154,1
986,1155,18
986,1175,6
986,1227,15
986,1229,8
987,1017,15
987,1020,4
987,1105,15
987,1141,7
987,1152,10
987,1174,5
988,1060,15
988,1138,18
988,1217,19
988,1227,16
989,1095,6
989,1100,8
989,1141,18
989,1171,1
989,1201,3
990,1000,2
990,1032,2
990,1123,5
990,1147,9
991,999,19
991,1049,3
991,1077,5
991,1082,7
991,1199,20
992,1041,3
992,1105,10
992,1126,19
992,1151,5
992,1162,10
992,1169,17
992,1201,18
992,1213,5
993,1001,11
994,1102,18
994,1104,20
994,1146,18
995,1052,8
995,1054,5
995,1110,12
995,1156,13
995,1214,12
995,1218,15
996,1054,12
996,1122,8
996,1137,9
996,1229,18
997,1004,10
997,1017,9
997,1069,8
997,1110,20
997,1125,6
997,1184,10
998,1010,15
998,1073,1
998,1081,9
998,1122,9
998,1229,15
999,1067,18
999,1106,12
999,1116,5
999,1165,1
999,1166,17
999,1183,7
999,1184,3
1000,1010,6
1000,1044,4
1000,1222,15
1001,1050,3
1001,1075,17
1001,1076,15
1001,1187,6
1001,1193,10
1001,1194,6
1001,1211,1
1002,1102,4
1002,1167,12
1002,1217,7
1002,1223,11
1002,1229,18
1003,1063,13
1003,1089,6
1003,1096,14
1003,1110,14
1003,1223,7
1003,1230,17
1004,1038,18
1004,1059,17
1004,1075,10
1004,1077,11
1004,1138,3
1004,1139,16
1004,1155,13
1004,1177,9
1004,1235,9
1005,1058,13
1005,1120,2
1005,1167,5
1006,1120,5
1006,1180,10
1007,1112,11
1007,1187,8
1007,1197,4
1007,1202,4
1007,1208,1
1007,1219,8
1008,1063,13
1008,1128,4
1008,1160,19
1008,1191,8
1009,1015,20
1009,1069,13
1009,1197,6
1009,1219,4
1010,1013,6
1010,1076,3
1010,1171,16
1010,1210,18
1010,1217,19
1011,1108,2
1011,1215,5
1012,1036,7
1012,1081,14
1012,1159,10
1012,1186,8
1012,1208,5
1012,1212,5
1013,1061,8
1013,1073,17
1013,1140,15
1013,1165,7
1013,1206,10
1013,1236,13
1014,1076,8
1014,1081,1
1014,1090,12
1014,1110,10
1014,1159,12
1014,1163,19
1014,1214,3
1014,1220,3
1014,1231,2
1015,1181,7
1015,1201,20
1016,1111,19
1016,1129,11
1016,1174,3
1016,1207,12
1017,1091,6
1018,1030,20
1018,1063,14
1018,1076,10
1018,1118,14
1018,1201,17
1018,1220,7
1019,1037,16
1019,1231,3
1020,1048,6
1020,1061,13
1020,1081,5
1020,1085,9
1021,1064,9
1021,1112,3
1021,1131,6
1021,1133,13
1021,1152,8
1021,1161,12
1021,1222,7
1022,1080,11
1022,1116,1
1022,1117,3
1022,1145,19
1022,1156,20
1022,1235,3
1023,1033,19
1023,1192,7
1023,1226,7
1024,1034,12
1024,1063,15
1024,1088,4
1024,1096,16
1025,1054,12
1025,1095,6
1025,1113,19
1025,1163,19
1025,1191,10
1025,1196,17
1026,1029,19
1026,1075,6
1026,1077,1
1026,1177,18
1027,1051,1
1027,1076,3
1027,1078,8
1027,1114,19
1027,1141,13
1027,1166,15
1027,1203,6
1027,1220,3
1027,1227,19
1028,1072,19
1028,1074,19
1028,1177,10
1029,1034,11
1029,1043,8
1029,1090,15
1029,1103,8
1029,1115,16
1029,1131,20
1029,1132,9
1030,1097,13
1030,1150,2
1030,1210,7
1031,1154,17
1032,1162,14
1032,1190,18
1032,1213,3
1033,1116,11
1034,1057,7
1034,1069,19
1034,1184,9
1035,1072,15
1035,1129,5
1036,1060,2
1036,1092,10
1036,1111,2
1036,1204,12
1037,1104,1
1037,1150,2
1037,1160,18
1037,1172,2
1037,1202,16
1038,1054,15
1038,1132,6
1039,1056,8
1039,1115,19
1039,1116,4
1039,1122,8
1039,1126,17
1039,1185,19
1039,1222,17
1040,1120,8
1040,1125,16
1040,1183,14
1041,1062,6
1041,1066,7
1041,1148,12
1041,1177,15
1041,1225,11
1041,1232,12
1041,1239,3
1042,1115,10
1042,1139,8
1042,1142,2
1042,1205,18
1043,1108,11
1043,1121,5
1043,1142,8
1043,1173,18
1043,1195,12
1043,1206,5
1043,1212,10
1044,1142,17
1044,1174,9
1044,1235,12
1044,1237,4
1045,1068,8
1045,1073,2
1045,1090,13
1045,1136,10
1046,1051,1
1046,1058,1
1046,1126,3
1046,1169,14
1046,1193,9
1047,1083,13
1047,1086,9
1048,1163,9
1048,1217,1
1048,1223,12
1048,1232,8
1049,1053,4
1049,1138,4
1049,1142,3
1049,1171,16
1050,1115,4
1050,1152,11
1050,1175,12
1050,1219,6
1050,1238,19
1051,1062,17
1051,1073,13
1051,1100,16
1051,1105,7
1051,1120,10
1051,1137,11
1051,1146,17
1051,1195,7
1052,1055,20
1052,1138,10
1052,1145,7
1053,1072,8
1053,1091,1
1053,1119,20
1053,1120,1
1053,1150,3
1053,1164,20
1054,1228,11
1055,1119,2
1055,1120,20
1055,1125,11
1055,1126,18
1055,1189,13
1056,1144,14
1056,1170,4
1056,1201,16
1056,1205,12
1056,1238,9
1057,1078,18
1057,1106,3
1057,1131,4
1057,1149,1
1058,1179,12
1058,1200,8
1058,1226,8
1059,1195,19
1060,1156,3
1061,1064,16
1061,1110,19
1061,1203,1
1061,1219,2
1062,1153,3
1062,1222,2
1062,1233,12
1063,1098,12
1063,1175,10
1064,1083,9
1064,1119,4
1064,1184,11
1066,1105,8
1066,1119,5
1067,1104,5
1067,1161,12
1067,1203,8
1068,1069,9
1068,1122,5
1069,1093,4
1069,1097,10
1069,1146,10
1069,1160,13
1069,1190,9
1069,1221,4
1070,1089,9
1070,1107,20
1070,1108,8
1070,1131,15
1070,1155,18
1070,1198,10
1071,1236,2
1072,1143,11
1072,1181,9
1072,1233,8
1074,1092,8
1074,1124,19
1074,1142,18
1075,1148,1
1075,1150,4
1075,1165,8
1075,1225,8
1076,1080,5
1076,1103,10
1076,1162,8
1076,1182,15
1076,1199,10
1077,1084,10
1077,1117,12
1077,1148,3
1077,1155,9
1077,1162,18
1077,1217,15
1078,1106,10
1078,1197,2
1079,1123,9
1079,1138,3
1079,1141,14
1079,1162,12
1079,1187,3
1079,1207,5
1080,1147,1
1080,1155,20
1081,1100,15
1081,1151,13
1081,1155,5
1081,1196,4
1081,1220,12
1082,1124,12
1082,1128,7
1082,1185,13
1082,1214,4
1083,1084,14
1083,1194,16
1083,1203,17
1083,1215,12
1083,1224,8
1085,1130,11
1085,1162,4
1085,1212,14
1086,1093,3
1086,1148,11
1086,1167,16
1087,1104,10
1087,1168,17
1087,1233,9
1087,1234,6
1088,1217,16
1088,1218,4
1089,1166,19
1089,1183,17
1090,1091,14
1090,1208,9
1091,1200,11
1092,1099,16
1092,1157,10
1092,1223,10
1093,1134,1
1093,1135,15
1093,1147,8
1093,1181,15
1094,1120,16
1094,1154,7
1094,1195,10
1094,1225,4
1095,1107,5
1095,1141,4
1096,1127,8
1096,1148,7
1096,1208,19
1097,1157,7
1097,1173,6
1097,1201,14
1097,1216,17
1098,1158,14
1098,1163,9
1099,1153,17
1099,1219,12
1099,1234,7
1099,1238,2
1100,1148,11
1101,1112,20
1101,1138,2
1101,1214,6
1102,1168,6
1102,1175,4
1102,1184,17
1103,1121,9
1103,1160,13
1103,1170,3
1103,1171,3
1104,1121,8
1104,1206,8
1105,1155,18
1105,1194,7
1105,1227,16
1106,1167,11
1107,1170,5
1108,1124,14
1108,1176,8
1108,1203,17
1109,1158,2
1109,1168,2
1109,1224,2
1109,1226,20
1109,1228,3
1110,1124,12
1110,1175,8
1110,1224,17
1110,1226,9
1111,1123,6
1112,1126,4
1112,1196,8
1113,1117,5
1113,1130,8
1114,1127,5
1114,1144,3
1114,1228,5
1115,1184,10
1115,1188,15
1116,1176,20
1117,1129,11
1117,1143,20
1117,1172,14
1118,1125,7
1118,1191,11
1118,1201,19
1119,1122,9
1119,1142,20
1119,1220,17
1120,1211,11
1120,1223,3
1121,1127,17
1121,1132,16
1121,1143,7
1121,1227,13
1121,1237,12
1122,1129,12
1123,1155,2
1123,1220,8
1124,1145,16
1124,1173,15
1125,1173,10
1125,1178,4
1126,1154,8
1126,1167,12
1126,1223,19
1127,1154,7
1128,1170,8
1128,1193,4
1129,1148,15
1129,1215,20
1129,1217,14
1131,1142,4
1133,1168,13
1133,1208,9
1135,1143,4
1135,1191,3
1135,1205,13
1135,1228,12
1136,1165,4
1136,1177,8
1136,1180,15
1136,1185,10
1136,1199,8
1137,1189,3
1138,1184,9
1138,1187,17
1139,1142,15
1139,1222,14
1139,1230,8
1140,1143,13
1141,1235,18
1142,1147,2
1142,1214,5
1143,1163,12
1144,1189,18
1144,1233,4
1145,1193,16
1146,1189,18
1146,1205,14
1147,1155,10
1147,1190,19
1147,1223,7
1147,1230,12
1148,1210,18
1149,1173,9
1149,1190,6
1150,1157,4
1150,1204,3
1152,1193,7
1153,1160,6
1153,1224,6
1154,1193,19
1154,1213,1
1155,1190,1
1156,1170,20
1156,1173,15
1157,1158,17
1157,1209,3
1158,1230,19
1158,1231,11
1159,1171,16
1160,1199,4
1161,1162,11
1161,1163,19
1161,1194,20
1161,1203,4
1162,1179,15
1163,1175,9
1163,1179,6
1164,1186,8
1164,1204,5
1165,1222,5
1167,1174,14
1168,1177,11
1168,1202,20
1168,1222,9
1169,1229,18
1175,1201,4
1176,1237,15
1177,1210,19
1178,1181,16
1178,1200,7
1180,1226,8
1182,1199,6
1182,1202,3
1182,1224,10
1183,1196,13
1183,1201,20
1183,1205,17
1184,1187,18
1184,1213,4
1184,1222,17
1185,1200,13
1187,1232,15
1188,1195,5
1188,1212,18
1189,1212,2
1190,1204,9
1191,1202,10
1191,1234,9
1192,1224,8
1193,1231,9
1193,1233,10
1201,1211,16
1203,1224,11
1203,1232,11
1205,1222,13
1206,1217,8
1207,1226,20
1208,1212,20
1208,1235,5
1209,1217,7
1209,1225,6
1211,1214,17
1211,1220,7
1212,1226,11
1213,1230,4
1214,1231,5
1215,1231,7
1218,1229,4
1218,1233,19
1219,1225,1
1219,1236,10
1221,1223,13
1223,1224,17
1225,1233,2
1225,1234,3
1236,1237,18
